.gitignore	644	b58f82ba60127d41d0eda6964c52bbe8b19768af46e0e918ae2c161d2b360019
AGENTS.md	644	e863ed7c3eeed8ebf4148c32c153a5acbb1373daa32f15a99093930abbb45b92
BUILD.bazel	644	611b3a07e14fa47b5acb641cdbbd5b4a4d7302a25834fed6a94c60cc3c3d0811
MODULE.bazel	644	d26817ba60760e131a7616c9dbd3c7f136fbf8e6bc618c174a5e9db87a9c0c15
MODULE.bazel.lock	644	d57a7a34278c26182dfdd6e07726f1ccfa5e768a2f5d997a63788e8ea60b0666
README.md	644	3582468ba2fe026ad2bde7478ee89629295306eb9e9957c77f77a2ea6f5c657a
ROAM_CANARY_SCRATCH.txt	644	737889b19fcd5dedfccbec3d12a6600d0d663c060e52faac7f20f6197592f0bc
docs/LAB_CONSUMPTION_PLAN.md	644	ffc28dc2fe88324600c344210948ffff69503ed18d001e4a10c4d582e2351f9d
docs/SPEC.md	644	ccf7a45a19f3ce477eddecc6a82b2828a4762fecfec2381376fffbbb512d90f5
docs/TOOL_SURFACE_FINDINGS_2026-05-01.md	644	88a2587841a145fb430520641739809860edc942479bfedbfa73146d00e114a6
examples/project-policy.tinyland.json	644	42d4b4b9864ba71d85e8330d325ba2d0e7b663a50b603c488ce0bcbb71b2b17e
examples/tool-surfaces/tinyland-lab-2026-05-01.json	644	ba5f4005e226d327b575cd372dcd9d2093960b5db12a9ec1af182791d5ac7cad
flake.lock	644	787fdf9413f33d49511fe21d5386ce038c0c4688c9019fb255e40100e29bc25a
flake.nix	644	342684a0a6b111f5d0baeb6d67ef9212401580c28dcccb8bdbf788f4e32ce1e8
pyproject.toml	644	fa7fe5d5d40ee231c898838c985fdbc2b578b09e005930fb9e44bbb606675875
schemas/project-policy.schema.json	644	84bda0fd50a406906f47ef2af02304b8f09e73798dd3a2068983d38d74112ecc
schemas/tool-surface-findings.schema.json	644	39c3078ac3b95c8e868e4511dfe884e113cf5ea25490b9bdfb1e9228fafa9847
src/tinyland_tool_daemon/__init__.py	644	bc182564822304cf0906db4939ff2d24a05ed6f546c3f5e2a8d409cce6d67237
src/tinyland_tool_daemon/__main__.py	644	3d2438ae92f4746e9ffaa1f837b1fe803f6281091d1f31f8c95643716f257d9a
src/tinyland_tool_daemon/audit.py	644	2a5fe4bc61406666438572bd808afe7176d773811cf83782df561d44a7e0fc9e
src/tinyland_tool_daemon/baseline.py	644	efc168e87310b524cbf8f96c75f3ce432fef25efcaa19f41d785ea94acd1e611
src/tinyland_tool_daemon/cli.py	644	7cd7512b23b561e6d696355b9d174111e7b6b3d8c9da717c14ecd8409641b138
src/tinyland_tool_daemon/model.py	644	0fd685791bbec548f5e7d833757d91f1607f32dd360dc6aee321dad65141e001
src/tinyland_tool_daemon/policy.py	644	c09c637eb705d6b0a55451100b8b5f23ba35298df4f5ad603df722579fabf9ee
src/tinyland_tool_daemon/project.py	644	f3b4195ff9b20d57566762a49ed51d063047012c6894ef4a666b4f70760e4354
tests/test_audit.py	644	e1a7b0f1ef62ffc4ee1d48533ad248616f2bfb081d4addeedc1970f29d6731a7
