sampled_at_utc	tcfs_pids	s3_established_sockets	highwater	limit
2026-05-14T02:15:14Z	87115	0	0	8
2026-05-14T02:15:19Z	87366	0	0	8
2026-05-14T02:15:24Z	87410	0	0	8
2026-05-14T02:15:29Z	87637	0	0	8
2026-05-14T02:15:34Z	87748	0	0	8
2026-05-14T02:15:39Z	87764	0	0	8
2026-05-14T02:15:44Z	87792	0	0	8
2026-05-14T02:15:50Z	87807	0	0	8
2026-05-14T02:15:55Z	87842	0	0	8
2026-05-14T02:16:00Z	87862	0	0	8
2026-05-14T02:16:05Z	87898	0	0	8
2026-05-14T02:16:10Z	87932	0	0	8
2026-05-14T02:16:15Z	87954	0	0	8
2026-05-14T02:16:20Z	87970	0	0	8
2026-05-14T02:16:26Z	87981	0	0	8
2026-05-14T02:16:31Z	88818	0	0	8
2026-05-14T02:16:36Z	88992	0	0	8
2026-05-14T02:16:41Z	89009	0	0	8
2026-05-14T02:16:46Z	89251	0	0	8
2026-05-14T02:16:51Z	89479	0	0	8
2026-05-14T02:16:57Z	89706	0	0	8
2026-05-14T02:17:02Z	89753	0	0	8
2026-05-14T02:17:07Z	89770	0	0	8
2026-05-14T02:17:12Z	90569	0	0	8
2026-05-14T02:17:17Z	90819	0	0	8
2026-05-14T02:17:22Z	90862	0	0	8
2026-05-14T02:17:27Z	90959	0	0	8
2026-05-14T02:17:32Z	90974	0	0	8
2026-05-14T02:17:37Z	91680	0	0	8
2026-05-14T02:17:42Z	91695	0	0	8
2026-05-14T02:17:47Z	91708	0	0	8
2026-05-14T02:17:53Z	92273	0	0	8
2026-05-14T02:17:58Z	92293	0	0	8
2026-05-14T02:18:03Z	92319	0	0	8
2026-05-14T02:18:08Z	92334	0	0	8
2026-05-14T02:18:13Z	92495	0	0	8
2026-05-14T02:18:18Z	92537	0	0	8
2026-05-14T02:18:24Z	92574	0	0	8
2026-05-14T02:18:29Z	92667	0	0	8
2026-05-14T02:18:34Z	92779	0	0	8
2026-05-14T02:18:39Z	92909	0	0	8
2026-05-14T02:18:44Z	92946	0	0	8
2026-05-14T02:18:49Z	92958	0	0	8
2026-05-14T02:18:54Z	92978	0	0	8
2026-05-14T02:19:00Z	93009	0	0	8
2026-05-14T02:19:05Z	93367	0	0	8
2026-05-14T02:19:10Z	93414	0	0	8
2026-05-14T02:19:15Z	93440	0	0	8
2026-05-14T02:19:20Z	93467,93475	8	8	8
2026-05-14T02:19:25Z	93467,93602	8	8	8
2026-05-14T02:19:30Z	93467,93617	10	10	8
2026-05-14T02:19:35Z	93467,93639	8	10	8
2026-05-14T02:19:41Z	93467,93759	9	10	8
2026-05-14T02:19:46Z	93467,93783	9	10	8
2026-05-14T02:19:51Z	93467,93889	9	10	8
2026-05-14T02:19:57Z	93467,93909	9	10	8
2026-05-14T02:20:04Z	93467,93926	9	10	8
2026-05-14T02:20:09Z	93467,93941	9	10	8
2026-05-14T02:20:14Z	93467,94091	9	10	8
2026-05-14T02:20:19Z	93467,94109	8	10	8
2026-05-14T02:20:24Z	93467,94126	8	10	8
2026-05-14T02:20:29Z	93467,94156	8	10	8
2026-05-14T02:20:34Z	93467,94176	8	10	8
2026-05-14T02:20:39Z	93467,94189	8	10	8
2026-05-14T02:20:44Z	93467,94222	8	10	8
2026-05-14T02:20:50Z	93467,94238	9	10	8
2026-05-14T02:20:55Z	93467,94260	9	10	8
2026-05-14T02:21:00Z	93467,94273	9	10	8
2026-05-14T02:21:05Z	93467,94289	8	10	8
2026-05-14T02:21:10Z	93467,94379	8	10	8
2026-05-14T02:21:15Z	93467,94688	8	10	8
2026-05-14T02:21:20Z	93467,94964	8	10	8
2026-05-14T02:21:25Z	93467,94996	8	10	8
2026-05-14T02:21:30Z	93467,95028	8	10	8
2026-05-14T02:21:35Z	93467,95051	8	10	8
2026-05-14T02:21:40Z	93467,95306	8	10	8
2026-05-14T02:21:45Z	93467,95323	8	10	8
2026-05-14T02:21:51Z	93467,95344	8	10	8
2026-05-14T02:21:56Z	93467,95362	8	10	8
2026-05-14T02:22:01Z	93467,95385	8	10	8
2026-05-14T02:22:06Z	93467,95401	8	10	8
2026-05-14T02:22:11Z	93467,95418	8	10	8
2026-05-14T02:22:16Z	93467,95435	8	10	8
2026-05-14T02:22:21Z	93467,95457	8	10	8
2026-05-14T02:22:26Z	93467,95476	8	10	8
2026-05-14T02:22:31Z	93467,95491	8	10	8
2026-05-14T02:22:36Z	93467,95512	8	10	8
2026-05-14T02:22:41Z	93467,95529	8	10	8
2026-05-14T02:22:46Z	93467,95550	8	10	8
2026-05-14T02:22:51Z	93467,95716	8	10	8
2026-05-14T02:22:57Z	93467,95823	8	10	8
2026-05-14T02:23:02Z	93467,95989	8	10	8
2026-05-14T02:23:07Z	93467,96097	8	10	8
2026-05-14T02:23:12Z	93467,96125	8	10	8
2026-05-14T02:23:17Z	93467,96161	8	10	8
2026-05-14T02:23:22Z	93467,96174	8	10	8
2026-05-14T02:23:27Z	93467,96298	8	10	8
2026-05-14T02:23:32Z	93467,96316	0	10	8
2026-05-14T02:23:37Z	93467,96356	0	10	8
2026-05-14T02:23:42Z	93467,96407	0	10	8
2026-05-14T02:23:48Z	93467,96425	0	10	8
2026-05-14T02:23:53Z	93467,96443	0	10	8
2026-05-14T02:23:58Z	93467,96457	5	10	8
2026-05-14T02:24:03Z	93467,96471	7	10	8
2026-05-14T02:24:08Z	93467,96487	7	10	8
2026-05-14T02:24:13Z	93467,96572	7	10	8
2026-05-14T02:24:18Z	93467,96585	10	10	8
2026-05-14T02:24:23Z	93467,97160	10	10	8
2026-05-14T02:24:28Z	93467,97192	10	10	8
2026-05-14T02:24:33Z	93467,97211	9	10	8
2026-05-14T02:24:38Z	93467,97228	9	10	8
2026-05-14T02:24:43Z	93467,97320	9	10	8
2026-05-14T02:24:48Z	93467,97347	8	10	8
2026-05-14T02:24:54Z	93467,97376	8	10	8
2026-05-14T02:24:59Z	93467,97396	8	10	8
2026-05-14T02:25:04Z	93467,97438	8	10	8
2026-05-14T02:25:09Z	93467,97481	8	10	8
2026-05-14T02:25:14Z	93467,97502	8	10	8
2026-05-14T02:25:19Z	93467,97735	8	10	8
2026-05-14T02:25:24Z	93467,97774	8	10	8
2026-05-14T02:25:29Z	93467,97854	8	10	8
2026-05-14T02:25:34Z	93467,97881	8	10	8
2026-05-14T02:25:39Z	93467,97908	9	10	8
2026-05-14T02:25:44Z	93467,98426	9	10	8
2026-05-14T02:25:49Z	93467,99195	9	10	8
2026-05-14T02:25:54Z	93467,99586	9	10	8
2026-05-14T02:26:00Z	93467,99743	9	10	8
2026-05-14T02:26:05Z	93467,99788	8	10	8
2026-05-14T02:26:10Z	93467,99813	8	10	8
2026-05-14T02:26:15Z	93467,99831	8	10	8
2026-05-14T02:26:20Z	93467,99860	8	10	8
2026-05-14T02:26:25Z	93467,99885	8	10	8
2026-05-14T02:26:30Z	354,93467	8	10	8
2026-05-14T02:26:35Z	1147,93467	8	10	8
2026-05-14T02:26:40Z	1592,93467	8	10	8
2026-05-14T02:26:45Z	1609,93467	8	10	8
2026-05-14T02:26:50Z	1643,93467	8	10	8
2026-05-14T02:26:55Z	2210,93467	8	10	8
2026-05-14T02:27:00Z	2231,93467	8	10	8
2026-05-14T02:27:06Z	2251,93467	9	10	8
2026-05-14T02:27:11Z	2283,93467	9	10	8
2026-05-14T02:27:16Z	2347,93467	9	10	8
2026-05-14T02:27:21Z	2363,93467	9	10	8
2026-05-14T02:27:26Z	2385,93467	9	10	8
2026-05-14T02:27:31Z	2404,93467	9	10	8
2026-05-14T02:27:36Z	2421,93467	8	10	8
2026-05-14T02:27:41Z	2456,93467	8	10	8
2026-05-14T02:27:46Z	2469,93467	8	10	8
2026-05-14T02:27:51Z	2491,93467	8	10	8
2026-05-14T02:27:56Z	2534,93467	8	10	8
2026-05-14T02:28:01Z	2553,93467	8	10	8
2026-05-14T02:28:07Z	2572,93467	9	10	8
2026-05-14T02:28:12Z	2605,93467	9	10	8
2026-05-14T02:28:17Z	2626,93467	9	10	8
2026-05-14T02:28:22Z	2642,93467	9	10	8
2026-05-14T02:28:27Z	2687,93467	9	10	8
2026-05-14T02:28:32Z	2778,93467	9	10	8
2026-05-14T02:28:37Z	2791,93467	8	10	8
2026-05-14T02:28:42Z	2814,93467	8	10	8
2026-05-14T02:28:47Z	2833,93467	9	10	8
2026-05-14T02:28:52Z	2857,93467	9	10	8
2026-05-14T02:28:57Z	2872,93467	9	10	8
2026-05-14T02:29:02Z	2946,93467	9	10	8
2026-05-14T02:29:07Z	2974,93467	8	10	8
2026-05-14T02:29:13Z	2992,93467	8	10	8
2026-05-14T02:29:18Z	3012,93467	9	10	8
2026-05-14T02:29:23Z	3029,93467	9	10	8
2026-05-14T02:29:28Z	3042,93467	9	10	8
2026-05-14T02:29:33Z	3061,93467	8	10	8
2026-05-14T02:29:38Z	3083,93467	8	10	8
2026-05-14T02:29:43Z	3103,93467	8	10	8
2026-05-14T02:29:48Z	3116,93467	8	10	8
2026-05-14T02:29:53Z	3146,93467	8	10	8
2026-05-14T02:29:58Z	3161,93467	8	10	8
2026-05-14T02:30:03Z	3194,93467	8	10	8
2026-05-14T02:30:08Z	3218,93467	8	10	8
2026-05-14T02:30:14Z	3248,93467	8	10	8
2026-05-14T02:30:19Z	3262,93467	8	10	8
2026-05-14T02:30:24Z	3280,93467	8	10	8
2026-05-14T02:30:29Z	3300,93467	10	10	8
2026-05-14T02:30:34Z	3317,93467	10	10	8
2026-05-14T02:30:39Z	3333,93467	10	10	8
2026-05-14T02:30:44Z	3346,93467	10	10	8
2026-05-14T02:30:49Z	3361,93467	8	10	8
2026-05-14T02:30:54Z	3379,93467	8	10	8
2026-05-14T02:30:59Z	3395,93467	8	10	8
2026-05-14T02:31:04Z	3416,93467	8	10	8
2026-05-14T02:31:09Z	3437,93467	8	10	8
2026-05-14T02:31:14Z	3453,93467	8	10	8
2026-05-14T02:31:19Z	3472,93467	8	10	8
2026-05-14T02:31:25Z	3492,93467	8	10	8
2026-05-14T02:31:30Z	3507,93467	8	10	8
2026-05-14T02:31:35Z	3526,93467	8	10	8
2026-05-14T02:31:40Z	3549,93467	8	10	8
2026-05-14T02:31:45Z	3580,93467	8	10	8
2026-05-14T02:31:50Z	3603,93467	8	10	8
2026-05-14T02:31:55Z	3631,93467	8	10	8
2026-05-14T02:32:00Z	3652,93467	8	10	8
2026-05-14T02:32:05Z	3682,93467	9	10	8
2026-05-14T02:32:10Z	3731,93467	9	10	8
2026-05-14T02:32:15Z	3967,93467	9	10	8
2026-05-14T02:32:20Z	4073,93467	9	10	8
2026-05-14T02:32:25Z	4248,93467	9	10	8
2026-05-14T02:32:30Z	4266,93467	9	10	8
2026-05-14T02:32:36Z	4286,93467	9	10	8
2026-05-14T02:32:41Z	4313,93467	9	10	8
2026-05-14T02:32:46Z	4346,93467	9	10	8
2026-05-14T02:32:51Z	4396,93467	9	10	8
2026-05-14T02:32:56Z	4435,93467	9	10	8
2026-05-14T02:33:01Z	4453,93467	9	10	8
2026-05-14T02:33:06Z	4466,93467	8	10	8
2026-05-14T02:33:11Z	4482,93467	8	10	8
2026-05-14T02:33:16Z	4496,93467	8	10	8
2026-05-14T02:33:21Z	4509,93467	8	10	8
2026-05-14T02:33:26Z	4531,93467	8	10	8
2026-05-14T02:33:31Z	4545,93467	8	10	8
2026-05-14T02:33:36Z	4577,93467	8	10	8
2026-05-14T02:33:41Z	4590,93467	8	10	8
2026-05-14T02:33:46Z	4612,93467	9	10	8
2026-05-14T02:33:52Z	4642,93467	9	10	8
2026-05-14T02:33:57Z	4656,93467	9	10	8
2026-05-14T02:34:02Z	4670,93467	9	10	8
2026-05-14T02:34:07Z	4694,93467	8	10	8
2026-05-14T02:34:12Z	4708,93467	8	10	8
2026-05-14T02:34:17Z	4759,93467	8	10	8
2026-05-14T02:34:22Z	4776,93467	8	10	8
2026-05-14T02:34:27Z	4789,93467	8	10	8
2026-05-14T02:34:32Z	4818,93467	8	10	8
2026-05-14T02:34:37Z	4836,93467	8	10	8
2026-05-14T02:34:42Z	4849,93467	8	10	8
2026-05-14T02:34:47Z	4862,93467	8	10	8
2026-05-14T02:34:52Z	4906,93467	8	10	8
2026-05-14T02:34:57Z	4919,93467	8	10	8
2026-05-14T02:35:02Z	4946,93467	8	10	8
2026-05-14T02:35:08Z	4959,93467	8	10	8
2026-05-14T02:35:13Z	5025,93467	8	10	8
2026-05-14T02:35:18Z	5042,93467	8	10	8
2026-05-14T02:35:23Z	5088,93467	8	10	8
2026-05-14T02:35:28Z	5108,93467	8	10	8
2026-05-14T02:35:33Z	5126,93467	9	10	8
2026-05-14T02:35:38Z	5179,93467	9	10	8
2026-05-14T02:35:43Z	5192,93467	9	10	8
2026-05-14T02:35:48Z	5265,93467	8	10	8
2026-05-14T02:35:53Z	5301,93467	8	10	8
2026-05-14T02:35:58Z	5315,93467	8	10	8
2026-05-14T02:36:03Z	5343,93467	8	10	8
2026-05-14T02:36:08Z	5369,93467	8	10	8
2026-05-14T02:36:14Z	5392,93467	8	10	8
2026-05-14T02:36:19Z	5420,93467	8	10	8
2026-05-14T02:36:24Z	5439,93467	8	10	8
2026-05-14T02:36:29Z	5459,93467	8	10	8
2026-05-14T02:36:34Z	5489,93467	8	10	8
2026-05-14T02:36:39Z	5506,93467	8	10	8
2026-05-14T02:36:44Z	5620,93467	8	10	8
2026-05-14T02:36:49Z	5644,93467	8	10	8
2026-05-14T02:36:54Z	5680,93467	8	10	8
2026-05-14T02:36:59Z	5698,93467	8	10	8
2026-05-14T02:37:04Z	5712,93467	8	10	8
2026-05-14T02:37:09Z	5725,93467	8	10	8
2026-05-14T02:37:15Z	5744,93467	8	10	8
2026-05-14T02:37:20Z	5761,93467	8	10	8
2026-05-14T02:37:25Z	5781,93467	8	10	8
2026-05-14T02:37:30Z	5796,93467	8	10	8
2026-05-14T02:37:35Z	5817,93467	8	10	8
2026-05-14T02:37:40Z	5834,93467	8	10	8
2026-05-14T02:37:45Z	5847,93467	8	10	8
2026-05-14T02:37:50Z	5861,93467	8	10	8
2026-05-14T02:37:55Z	5879,93467	8	10	8
2026-05-14T02:38:00Z	5894,93467	8	10	8
2026-05-14T02:38:05Z	5928,93467	8	10	8
2026-05-14T02:38:10Z	6008,93467	8	10	8
2026-05-14T02:38:15Z	6199,93467	8	10	8
2026-05-14T02:38:21Z	6297,93467	9	10	8
2026-05-14T02:38:26Z	6475,93467	9	10	8
2026-05-14T02:38:31Z	6489,93467	9	10	8
2026-05-14T02:38:36Z	6511,93467	9	10	8
2026-05-14T02:38:41Z	6524,93467	9	10	8
2026-05-14T02:38:46Z	6559,93467	9	10	8
2026-05-14T02:38:51Z	6592,93467	8	10	8
2026-05-14T02:38:56Z	6638,93467	8	10	8
2026-05-14T02:39:01Z	6696,93467	8	10	8
2026-05-14T02:39:06Z	6718,93467	8	10	8
2026-05-14T02:39:11Z	6731,93467	8	10	8
2026-05-14T02:39:16Z	6745,93467	8	10	8
2026-05-14T02:39:21Z	6766,93467	8	10	8
2026-05-14T02:39:27Z	6779,93467	8	10	8
2026-05-14T02:39:32Z	6796,93467	8	10	8
2026-05-14T02:39:37Z	6816,93467	8	10	8
2026-05-14T02:39:42Z	6830,93467	8	10	8
2026-05-14T02:39:47Z	6843,93467	8	10	8
2026-05-14T02:39:52Z	6863,93467	8	10	8
2026-05-14T02:39:57Z	6878,93467	8	10	8
2026-05-14T02:40:02Z	6899,93467	9	10	8
2026-05-14T02:40:07Z	6927,93467	9	10	8
2026-05-14T02:40:12Z	6953,93467	9	10	8
2026-05-14T02:40:17Z	6970,93467	9	10	8
2026-05-14T02:40:22Z	7165,93467	8	10	8
2026-05-14T02:40:27Z	7181,93467	8	10	8
2026-05-14T02:40:33Z	7199,93467	8	10	8
2026-05-14T02:40:38Z	7217,93467	8	10	8
2026-05-14T02:40:43Z	7232,93467	8	10	8
2026-05-14T02:40:48Z	7251,93467	8	10	8
2026-05-14T02:40:53Z	7265,93467	8	10	8
2026-05-14T02:40:58Z	7286,93467	8	10	8
2026-05-14T02:41:03Z	7313,93467	8	10	8
2026-05-14T02:41:08Z	7326,93467	8	10	8
2026-05-14T02:41:13Z	7348,93467	8	10	8
2026-05-14T02:41:18Z	7367,93467	8	10	8
2026-05-14T02:41:23Z	7381,93467	8	10	8
2026-05-14T02:41:28Z	7404,93467	8	10	8
2026-05-14T02:41:34Z	7420,93467	8	10	8
2026-05-14T02:41:39Z	7436,93467	8	10	8
2026-05-14T02:41:44Z	7449,93467	8	10	8
2026-05-14T02:41:49Z	7462,93467	8	10	8
2026-05-14T02:41:54Z	7476,93467	8	10	8
2026-05-14T02:41:59Z	7499,93467	8	10	8
2026-05-14T02:42:04Z	7516,93467	8	10	8
2026-05-14T02:42:09Z	7529,93467	8	10	8
2026-05-14T02:42:14Z	7543,93467	8	10	8
2026-05-14T02:42:19Z	7565,93467	8	10	8
2026-05-14T02:42:24Z	7586,93467	8	10	8
2026-05-14T02:42:29Z	7611,93467	8	10	8
2026-05-14T02:42:34Z	7626,93467	8	10	8
2026-05-14T02:42:40Z	7654,93467	8	10	8
2026-05-14T02:42:45Z	7674,93467	8	10	8
2026-05-14T02:42:50Z	7687,93467	8	10	8
2026-05-14T02:42:55Z	7704,93467	8	10	8
2026-05-14T02:43:00Z	7717,93467	8	10	8
2026-05-14T02:43:05Z	7731,93467	8	10	8
2026-05-14T02:43:10Z	7747,93467	8	10	8
2026-05-14T02:43:15Z	7763,93467	8	10	8
2026-05-14T02:43:20Z	7788,93467	8	10	8
2026-05-14T02:43:25Z	7802,93467	8	10	8
2026-05-14T02:43:30Z	7823,93467	9	10	8
2026-05-14T02:43:35Z	7847,93467	9	10	8
2026-05-14T02:43:41Z	8015,93467	9	10	8
2026-05-14T02:43:46Z	8121,93467	9	10	8
2026-05-14T02:43:51Z	8296,93467	8	10	8
2026-05-14T02:43:56Z	8400,93467	8	10	8
2026-05-14T02:44:01Z	8414,93467	8	10	8
2026-05-14T02:44:06Z	8430,93467	8	10	8
2026-05-14T02:44:11Z	8447,93467	8	10	8
2026-05-14T02:44:16Z	8463,93467	8	10	8
2026-05-14T02:44:21Z	8499,93467	8	10	8
2026-05-14T02:44:26Z	8548,93467	8	10	8
2026-05-14T02:44:31Z	8582,93467	8	10	8
2026-05-14T02:44:36Z	8598,93467	8	10	8
2026-05-14T02:44:41Z	8611,93467	8	10	8
2026-05-14T02:44:47Z	8624,93467	8	10	8
2026-05-14T02:44:52Z	8637,93467	8	10	8
2026-05-14T02:44:57Z	8686,93467	8	10	8
2026-05-14T02:45:02Z	8705,93467	9	10	8
2026-05-14T02:45:07Z	8722,93467	9	10	8
2026-05-14T02:45:12Z	8750,93467	9	10	8
2026-05-14T02:45:17Z	8768,93467	9	10	8
2026-05-14T02:45:22Z	8781,93467	8	10	8
2026-05-14T02:45:27Z	8815,93467	8	10	8
2026-05-14T02:45:32Z	8832,93467	8	10	8
2026-05-14T02:45:37Z	8847,93467	8	10	8
2026-05-14T02:45:42Z	8866,93467	8	10	8
2026-05-14T02:45:48Z	8879,93467	8	10	8
2026-05-14T02:45:53Z	8893,93467	8	10	8
2026-05-14T02:45:58Z	8922,93467	8	10	8
2026-05-14T02:46:03Z	8938,93467	8	10	8
2026-05-14T02:46:08Z	8951,93467	8	10	8
2026-05-14T02:46:13Z	8989,93467	8	10	8
2026-05-14T02:46:18Z	9002,93467	8	10	8
2026-05-14T02:46:23Z	9015,93467	8	10	8
2026-05-14T02:46:28Z	9031,93467	8	10	8
2026-05-14T02:46:33Z	9050,93467	8	10	8
2026-05-14T02:46:38Z	9065,93467	8	10	8
2026-05-14T02:46:43Z	9078,93467	8	10	8
2026-05-14T02:46:48Z	9096,93467	8	10	8
2026-05-14T02:46:54Z	9114,93467	8	10	8
2026-05-14T02:46:59Z	9129,93467	8	10	8
2026-05-14T02:47:04Z	9148,93467	8	10	8
2026-05-14T02:47:09Z	9163,93467	8	10	8
2026-05-14T02:47:14Z	9186,93467	8	10	8
2026-05-14T02:47:19Z	9199,93467	8	10	8
2026-05-14T02:47:24Z	9283,93467	8	10	8
2026-05-14T02:47:29Z	9476,93467	8	10	8
2026-05-14T02:47:34Z	9556,93467	8	10	8
2026-05-14T02:47:39Z	9754,93467	8	10	8
2026-05-14T02:47:44Z	9767,93467	8	10	8
2026-05-14T02:47:49Z	9783,93467	8	10	8
2026-05-14T02:47:55Z	9797,93467	8	10	8
2026-05-14T02:48:00Z	9817,93467	8	10	8
2026-05-14T02:48:05Z	9848,93467	8	10	8
2026-05-14T02:48:10Z	9890,93467	8	10	8
2026-05-14T02:48:15Z	9933,93467	8	10	8
2026-05-14T02:48:20Z	9946,93467	8	10	8
2026-05-14T02:48:25Z	9960,93467	8	10	8
2026-05-14T02:48:30Z	9974,93467	8	10	8
2026-05-14T02:48:35Z	9989,93467	8	10	8
2026-05-14T02:48:40Z	10015,93467	8	10	8
2026-05-14T02:48:45Z	10028,93467	8	10	8
2026-05-14T02:48:50Z	10041,93467	8	10	8
2026-05-14T02:48:56Z	10055,93467	9	10	8
2026-05-14T02:49:01Z	10069,93467	9	10	8
2026-05-14T02:49:06Z	10082,93467	9	10	8
2026-05-14T02:49:11Z	10095,93467	9	10	8
2026-05-14T02:49:16Z	10112,93467	9	10	8
2026-05-14T02:49:21Z	10125,93467	8	10	8
2026-05-14T02:49:26Z	10138,93467	8	10	8
2026-05-14T02:49:31Z	10159,93467	8	10	8
2026-05-14T02:49:36Z	10176,93467	8	10	8
2026-05-14T02:49:41Z	10190,93467	8	10	8
2026-05-14T02:49:46Z	10203,93467	8	10	8
2026-05-14T02:49:51Z	10220,93467	8	10	8
2026-05-14T02:49:56Z	10234,93467	9	10	8
2026-05-14T02:50:02Z	10260,93467	9	10	8
2026-05-14T02:50:07Z	10279,93467	9	10	8
2026-05-14T02:50:12Z	10293,93467	9	10	8
2026-05-14T02:50:17Z	10314,93467	9	10	8
2026-05-14T02:50:22Z	10327,93467	8	10	8
2026-05-14T02:50:27Z	10340,93467	8	10	8
2026-05-14T02:50:32Z	10360,93467	8	10	8
2026-05-14T02:50:37Z	10373,93467	8	10	8
2026-05-14T02:50:42Z	10386,93467	8	10	8
2026-05-14T02:50:47Z	10399,93467	8	10	8
2026-05-14T02:50:52Z	10427,93467	8	10	8
2026-05-14T02:50:58Z	10446,93467	8	10	8
2026-05-14T02:51:03Z	10470,93467	8	10	8
2026-05-14T02:51:08Z	10484,93467	8	10	8
2026-05-14T02:51:13Z	10501,93467	8	10	8
2026-05-14T02:51:18Z	10523,93467	8	10	8
2026-05-14T02:51:23Z	10543,93467	8	10	8
2026-05-14T02:51:28Z	10556,93467	8	10	8
2026-05-14T02:51:33Z	10584,93467	8	10	8
2026-05-14T02:51:38Z	10597,93467	8	10	8
2026-05-14T02:51:43Z	10626,93467	8	10	8
2026-05-14T02:51:48Z	10639,93467	8	10	8
2026-05-14T02:51:53Z	10653,93467	8	10	8
2026-05-14T02:51:59Z	10667,93467	8	10	8
2026-05-14T02:52:04Z	10687,93467	8	10	8
2026-05-14T02:52:09Z	10706,93467	8	10	8
2026-05-14T02:52:14Z	10719,93467	8	10	8
2026-05-14T02:52:19Z	10741,93467	8	10	8
2026-05-14T02:52:24Z	10761,93467	8	10	8
2026-05-14T02:52:29Z	10783,93467	8	10	8
2026-05-14T02:52:34Z	10906,93467	8	10	8
2026-05-14T02:52:39Z	11074,93467	8	10	8
2026-05-14T02:52:44Z	11088,93467	8	10	8
2026-05-14T02:52:49Z	11255,93467	8	10	8
2026-05-14T02:52:54Z	11358,93467	8	10	8
2026-05-14T02:53:00Z	11372,93467	8	10	8
2026-05-14T02:53:05Z	11395,93467	8	10	8
2026-05-14T02:53:10Z	11425,93467	8	10	8
2026-05-14T02:53:15Z	11450,93467	8	10	8
2026-05-14T02:53:20Z	11496,93467	8	10	8
2026-05-14T02:53:25Z	11553,93467	8	10	8
2026-05-14T02:53:30Z	11746,93467	8	10	8
2026-05-14T02:53:36Z	11771,93467	8	10	8
2026-05-14T02:53:41Z	11787,93467	8	10	8
2026-05-14T02:53:46Z	11807,93467	8	10	8
2026-05-14T02:53:51Z	11832,93467	8	10	8
2026-05-14T02:53:56Z	11848,93467	9	10	8
2026-05-14T02:54:01Z	11873,93467	9	10	8
2026-05-14T02:54:06Z	11927,93467	9	10	8
2026-05-14T02:54:11Z	11977,93467	9	10	8
2026-05-14T02:54:17Z	11992,93467	9	10	8
2026-05-14T02:54:22Z	12014,93467	8	10	8
2026-05-14T02:54:27Z	12084,93467	8	10	8
2026-05-14T02:54:32Z	12133,93467	8	10	8
2026-05-14T02:54:37Z	12161,93467	8	10	8
2026-05-14T02:54:42Z	12184,93467	8	10	8
2026-05-14T02:54:47Z	12198,93467	9	10	8
2026-05-14T02:54:52Z	12223,93467	9	10	8
2026-05-14T02:54:58Z	12254,93467	9	10	8
2026-05-14T02:55:03Z	12280,93467	9	10	8
2026-05-14T02:55:08Z	12299,93467	8	10	8
2026-05-14T02:55:13Z	12316,93467	8	10	8
2026-05-14T02:55:18Z	12341,93467	9	10	8
2026-05-14T02:55:23Z	12356,93467	9	10	8
2026-05-14T02:55:28Z	12381,93467	9	10	8
2026-05-14T02:55:33Z	12399,93467	8	10	8
2026-05-14T02:55:38Z	12429,93467	8	10	8
2026-05-14T02:55:43Z	12445,93467	8	10	8
2026-05-14T02:55:48Z	12459,93467	8	10	8
2026-05-14T02:55:54Z	12474,93467	8	10	8
2026-05-14T02:55:59Z	12487,93467	8	10	8
2026-05-14T02:56:04Z	12503,93467	8	10	8
2026-05-14T02:56:09Z	12522,93467	9	10	8
2026-05-14T02:56:14Z	12536,93467	9	10	8
2026-05-14T02:56:19Z	12551,93467	9	10	8
2026-05-14T02:56:24Z	12564,93467	9	10	8
2026-05-14T02:56:29Z	12608,93467	9	10	8
2026-05-14T02:56:34Z	12622,93467	9	10	8
2026-05-14T02:56:39Z	12749,93467	9	10	8
2026-05-14T02:56:44Z	12800,93467	9	10	8
2026-05-14T02:56:49Z	12818,93467	8	10	8
2026-05-14T02:56:55Z	12853,93467	8	10	8
2026-05-14T02:57:00Z	12918,93467	8	10	8
2026-05-14T02:57:05Z	13140,93467	8	10	8
2026-05-14T02:57:10Z	13306,93467	8	10	8
2026-05-14T02:57:15Z	13452,93467	8	10	8
2026-05-14T02:57:20Z	13469,93467	8	10	8
2026-05-14T02:57:25Z	13487,93467	8	10	8
2026-05-14T02:57:30Z	13548,93467	8	10	8
2026-05-14T02:57:35Z	13586,93467	9	10	8
2026-05-14T02:57:40Z	13628,93467	9	10	8
2026-05-14T02:57:45Z	13641,93467	9	10	8
2026-05-14T02:57:50Z	13671,93467	9	10	8
2026-05-14T02:57:55Z	13687,93467	9	10	8
2026-05-14T02:58:00Z	13701,93467	9	10	8
2026-05-14T02:58:05Z	13723,93467	8	10	8
2026-05-14T02:58:11Z	13743,93467	8	10	8
2026-05-14T02:58:16Z	13762,93467	8	10	8
2026-05-14T02:58:21Z	13843,93467	8	10	8
2026-05-14T02:58:26Z	13858,93467	9	10	8
2026-05-14T02:58:31Z	13884,93467	9	10	8
2026-05-14T02:58:36Z	13902,93467	9	10	8
2026-05-14T02:58:41Z	13926,93467	9	10	8
2026-05-14T02:58:46Z	13941,93467	9	10	8
2026-05-14T02:58:51Z	13954,93467	8	10	8
2026-05-14T02:58:56Z	13973,93467	9	10	8
2026-05-14T02:59:01Z	14080,93467	9	10	8
2026-05-14T02:59:06Z	14093,93467	9	10	8
2026-05-14T02:59:11Z	14117,93467	9	10	8
2026-05-14T02:59:16Z	14137,93467	9	10	8
2026-05-14T02:59:22Z	14150,93467	9	10	8
2026-05-14T02:59:27Z	14163,93467	9	10	8
2026-05-14T02:59:32Z	14190,93467	9	10	8
2026-05-14T02:59:37Z	14295,93467	8	10	8
2026-05-14T02:59:42Z	14314,93467	8	10	8
2026-05-14T02:59:47Z	14331,93467	8	10	8
2026-05-14T02:59:52Z	14344,93467	9	10	8
2026-05-14T02:59:57Z	14358,93467	9	10	8
2026-05-14T03:00:02Z	14397,93467	9	10	8
2026-05-14T03:00:07Z	15683,93467	9	10	8
2026-05-14T03:00:12Z	15702,93467	9	10	8
2026-05-14T03:00:17Z	15762,93467	9	10	8
2026-05-14T03:00:22Z	15780,93467	9	10	8
2026-05-14T03:00:27Z	15801,93467	9	10	8
2026-05-14T03:00:32Z	15819,93467	9	10	8
2026-05-14T03:00:38Z	15839,93467	8	10	8
2026-05-14T03:00:43Z	15856,93467	8	10	8
2026-05-14T03:00:48Z	15875,93467	8	10	8
2026-05-14T03:00:53Z	15899,93467	9	10	8
2026-05-14T03:00:58Z	15923,93467	9	10	8
2026-05-14T03:01:03Z	15940,93467	9	10	8
2026-05-14T03:01:08Z	15957,93467	9	10	8
2026-05-14T03:01:13Z	15979,93467	9	10	8
2026-05-14T03:01:18Z	15992,93467	8	10	8
2026-05-14T03:01:23Z	16007,93467	8	10	8
2026-05-14T03:01:28Z	16024,93467	8	10	8
2026-05-14T03:01:33Z	16047,93467	8	10	8
2026-05-14T03:01:38Z	16307,93467	8	10	8
2026-05-14T03:01:43Z	16475,93467	8	10	8
2026-05-14T03:01:49Z	16582,93467	8	10	8
2026-05-14T03:01:54Z	16599,93467	8	10	8
2026-05-14T03:01:59Z	16629,93467	8	10	8
2026-05-14T03:02:04Z	16653,93467	8	10	8
2026-05-14T03:02:09Z	16709,93467	8	10	8
2026-05-14T03:02:14Z	16749,93467	8	10	8
2026-05-14T03:02:19Z	16766,93467	8	10	8
2026-05-14T03:02:24Z	16786,93467	8	10	8
2026-05-14T03:02:29Z	16799,93467	8	10	8
2026-05-14T03:02:34Z	16823,93467	8	10	8
2026-05-14T03:02:39Z	16840,93467	9	10	8
2026-05-14T03:02:44Z	16853,93467	9	10	8
2026-05-14T03:02:49Z	16871,93467	9	10	8
2026-05-14T03:02:54Z	16888,93467	9	10	8
2026-05-14T03:02:59Z	16904,93467	9	10	8
2026-05-14T03:03:05Z	16930,93467	9	10	8
2026-05-14T03:03:10Z	16949,93467	9	10	8
2026-05-14T03:03:15Z	16966,93467	9	10	8
2026-05-14T03:03:20Z	16984,93467	9	10	8
2026-05-14T03:03:25Z	17001,93467	9	10	8
2026-05-14T03:03:30Z	17026,93467	9	10	8
2026-05-14T03:03:35Z	17040,93467	8	10	8
2026-05-14T03:03:40Z	17057,93467	8	10	8
2026-05-14T03:03:45Z	17074,93467	8	10	8
2026-05-14T03:03:50Z	17099,93467	8	10	8
2026-05-14T03:03:55Z	17116,93467	8	10	8
2026-05-14T03:04:00Z	17130,93467	9	10	8
2026-05-14T03:04:05Z	17143,93467	9	10	8
2026-05-14T03:04:10Z	17162,93467	9	10	8
2026-05-14T03:04:15Z	17178,93467	9	10	8
2026-05-14T03:04:21Z	17195,93467	8	10	8
2026-05-14T03:04:26Z	17210,93467	8	10	8
2026-05-14T03:04:31Z	17227,93467	9	10	8
2026-05-14T03:04:36Z	17245,93467	9	10	8
2026-05-14T03:04:41Z	17264,93467	9	10	8
2026-05-14T03:04:46Z	17279,93467	9	10	8
2026-05-14T03:04:51Z	17296,93467	9	10	8
2026-05-14T03:04:56Z	17316,93467	9	10	8
2026-05-14T03:05:01Z	17341,93467	9	10	8
2026-05-14T03:05:06Z	17358,93467	8	10	8
2026-05-14T03:05:11Z	17377,93467	8	10	8
2026-05-14T03:05:17Z	17390,93467	8	10	8
2026-05-14T03:05:22Z	17419,93467	8	10	8
2026-05-14T03:05:27Z	17438,93467	9	10	8
2026-05-14T03:05:32Z	17452,93467	9	10	8
2026-05-14T03:05:37Z	17470,93467	9	10	8
2026-05-14T03:05:42Z	17487,93467	9	10	8
2026-05-14T03:05:47Z	17500,93467	9	10	8
2026-05-14T03:05:52Z	17514,93467	8	10	8
2026-05-14T03:05:57Z	17537,93467	8	10	8
2026-05-14T03:06:02Z	17556,93467	8	10	8
2026-05-14T03:06:07Z	17577,93467	8	10	8
2026-05-14T03:06:12Z	17600,93467	8	10	8
2026-05-14T03:06:17Z	17620,93467	8	10	8
2026-05-14T03:06:22Z	17639,93467	8	10	8
2026-05-14T03:06:28Z	17652,93467	8	10	8
2026-05-14T03:06:33Z	17666,93467	8	10	8
2026-05-14T03:06:38Z	17682,93467	8	10	8
2026-05-14T03:06:43Z	17851,93467	8	10	8
2026-05-14T03:06:48Z	17955,93467	8	10	8
2026-05-14T03:06:53Z	18219,93467	8	10	8
2026-05-14T03:06:58Z	18324,93467	9	10	8
2026-05-14T03:07:03Z	18394,93467	9	10	8
2026-05-14T03:07:08Z	18410,93467	9	10	8
2026-05-14T03:07:13Z	18428,93467	9	10	8
2026-05-14T03:07:18Z	18466,93467	8	10	8
2026-05-14T03:07:23Z	18512,93467	8	10	8
2026-05-14T03:07:28Z	18549,93467	8	10	8
2026-05-14T03:07:33Z	18571,93467	9	10	8
2026-05-14T03:07:39Z	18594,93467	9	10	8
2026-05-14T03:07:44Z	18607,93467	9	10	8
2026-05-14T03:07:49Z	18621,93467	8	10	8
2026-05-14T03:07:54Z	18642,93467	8	10	8
2026-05-14T03:07:59Z	18655,93467	8	10	8
2026-05-14T03:08:04Z	18674,93467	9	10	8
2026-05-14T03:08:09Z	18698,93467	9	10	8
2026-05-14T03:08:14Z	18711,93467	9	10	8
2026-05-14T03:08:19Z	18724,93467	9	10	8
2026-05-14T03:08:24Z	18746,93467	9	10	8
2026-05-14T03:08:29Z	18759,93467	9	10	8
2026-05-14T03:08:34Z	18780,93467	9	10	8
2026-05-14T03:08:39Z	18793,93467	9	10	8
2026-05-14T03:08:45Z	18806,93467	9	10	8
2026-05-14T03:08:50Z	18819,93467	9	10	8
2026-05-14T03:08:55Z	18840,93467	9	10	8
2026-05-14T03:09:00Z	18853,93467	9	10	8
2026-05-14T03:09:05Z	18870,93467	8	10	8
2026-05-14T03:09:10Z	18883,93467	8	10	8
2026-05-14T03:09:15Z	18896,93467	8	10	8
2026-05-14T03:09:20Z	18909,93467	8	10	8
2026-05-14T03:09:25Z	18922,93467	8	10	8
2026-05-14T03:09:30Z	18936,93467	8	10	8
2026-05-14T03:09:35Z	18949,93467	8	10	8
2026-05-14T03:09:40Z	18962,93467	8	10	8
2026-05-14T03:09:46Z	18975,93467	9	10	8
2026-05-14T03:09:51Z	18988,93467	9	10	8
2026-05-14T03:09:56Z	19001,93467	9	10	8
2026-05-14T03:10:01Z	19018,93467	9	10	8
2026-05-14T03:10:06Z	19037,93467	8	10	8
2026-05-14T03:10:11Z	19050,93467	8	10	8
2026-05-14T03:10:16Z	19063,93467	9	10	8
2026-05-14T03:10:21Z	19076,93467	9	10	8
2026-05-14T03:10:26Z	19089,93467	9	10	8
2026-05-14T03:10:31Z	19109,93467	9	10	8
2026-05-14T03:10:36Z	19124,93467	9	10	8
2026-05-14T03:10:41Z	19137,93467	9	10	8
2026-05-14T03:10:46Z	19153,93467	9	10	8
2026-05-14T03:10:52Z	19166,93467	8	10	8
2026-05-14T03:10:57Z	19179,93467	8	10	8
2026-05-14T03:11:02Z	19195,93467	9	10	8
2026-05-14T03:11:07Z	19208,93467	9	10	8
2026-05-14T03:11:12Z	19224,93467	9	10	8
2026-05-14T03:11:17Z	19239,93467	9	10	8
2026-05-14T03:11:22Z	19254,93467	8	10	8
2026-05-14T03:11:27Z	19273,93467	8	10	8
2026-05-14T03:11:32Z	19289,93467	8	10	8
2026-05-14T03:11:37Z	19302,93467	9	10	8
2026-05-14T03:11:42Z	19318,93467	9	10	8
2026-05-14T03:11:47Z	19379,93467	9	10	8
2026-05-14T03:11:53Z	19594,93467	9	10	8
2026-05-14T03:11:58Z	19761,93467	9	10	8
2026-05-14T03:12:03Z	19869,93467	9	10	8
2026-05-14T03:12:08Z	19889,93467	9	10	8
2026-05-14T03:12:13Z	19905,93467	9	10	8
2026-05-14T03:12:18Z	19928,93467	9	10	8
2026-05-14T03:12:23Z	19972,93467	9	10	8
2026-05-14T03:12:28Z	20028,93467	9	10	8
2026-05-14T03:12:33Z	20044,93467	8	10	8
2026-05-14T03:12:38Z	20074,93467	8	10	8
2026-05-14T03:12:43Z	20089,93467	8	10	8
2026-05-14T03:12:48Z	20102,93467	8	10	8
2026-05-14T03:12:53Z	20119,93467	8	10	8
2026-05-14T03:12:59Z	20132,93467	8	10	8
2026-05-14T03:13:04Z	20148,93467	8	10	8
2026-05-14T03:13:09Z	20163,93467	8	10	8
2026-05-14T03:13:14Z	20180,93467	8	10	8
2026-05-14T03:13:19Z	20195,93467	8	10	8
2026-05-14T03:13:24Z	20208,93467	8	10	8
2026-05-14T03:13:29Z	20225,93467	8	10	8
2026-05-14T03:13:34Z	20245,93467	8	10	8
2026-05-14T03:13:39Z	20259,93467	8	10	8
2026-05-14T03:13:44Z	20272,93467	8	10	8
2026-05-14T03:13:49Z	20287,93467	8	10	8
2026-05-14T03:13:54Z	20300,93467	8	10	8
2026-05-14T03:14:00Z	20317,93467	8	10	8
2026-05-14T03:14:05Z	20333,93467	8	10	8
2026-05-14T03:14:10Z	20346,93467	8	10	8
2026-05-14T03:14:15Z	20359,93467	8	10	8
2026-05-14T03:14:20Z	20372,93467	9	10	8
2026-05-14T03:14:25Z	20402,93467	9	10	8
2026-05-14T03:14:30Z	20425,93467	9	10	8
2026-05-14T03:14:35Z	20439,93467	9	10	8
2026-05-14T03:14:40Z	20452,93467	9	10	8
2026-05-14T03:14:45Z	20473,93467	9	10	8
2026-05-14T03:14:50Z	20488,93467	9	10	8
2026-05-14T03:14:55Z	20505,93467	9	10	8
2026-05-14T03:15:00Z	20522,93467	9	10	8
2026-05-14T03:15:06Z	20557,93467	9	10	8
2026-05-14T03:15:11Z	20570,93467	9	10	8
2026-05-14T03:15:16Z	20602,93467	9	10	8
2026-05-14T03:15:21Z	20628,93467	9	10	8
2026-05-14T03:15:26Z	20645,93467	9	10	8
2026-05-14T03:15:31Z	20659,93467	9	10	8
2026-05-14T03:15:36Z	20672,93467	9	10	8
2026-05-14T03:15:41Z	20685,93467	9	10	8
2026-05-14T03:15:46Z	20707,93467	9	10	8
2026-05-14T03:15:51Z	20722,93467	8	10	8
2026-05-14T03:15:56Z	20735,93467	9	10	8
2026-05-14T03:16:01Z	20749,93467	9	10	8
2026-05-14T03:16:07Z	20762,93467	9	10	8
2026-05-14T03:16:12Z	20775,93467	9	10	8
2026-05-14T03:16:17Z	20788,93467	9	10	8
2026-05-14T03:16:22Z	20816,93467	8	10	8
2026-05-14T03:16:27Z	20829,93467	8	10	8
2026-05-14T03:16:32Z	20846,93467	8	10	8
2026-05-14T03:16:37Z	20865,93467	8	10	8
2026-05-14T03:16:42Z	20882,93467	8	10	8
2026-05-14T03:16:47Z	20895,93467	8	10	8
2026-05-14T03:16:52Z	20908,93467	8	10	8
2026-05-14T03:16:57Z	21141,93467	8	10	8
2026-05-14T03:17:02Z	21308,93467	9	10	8
2026-05-14T03:17:07Z	21445,93467	9	10	8
2026-05-14T03:17:13Z	21458,93467	9	10	8
2026-05-14T03:17:18Z	21474,93467	9	10	8
2026-05-14T03:17:23Z	21487,93467	9	10	8
2026-05-14T03:17:28Z	21523,93467	9	10	8
2026-05-14T03:17:33Z	21580,93467	8	10	8
2026-05-14T03:17:38Z	21614,93467	8	10	8
2026-05-14T03:17:43Z	21630,93467	8	10	8
2026-05-14T03:17:48Z	21645,93467	8	10	8
2026-05-14T03:17:53Z	21658,93467	8	10	8
2026-05-14T03:17:58Z	21674,93467	8	10	8
2026-05-14T03:18:03Z	21698,93467	8	10	8
2026-05-14T03:18:09Z	21713,93467	8	10	8
2026-05-14T03:18:14Z	21728,93467	8	10	8
2026-05-14T03:18:19Z	21752,93467	9	10	8
2026-05-14T03:18:24Z	21765,93467	9	10	8
2026-05-14T03:18:29Z	21782,93467	9	10	8
2026-05-14T03:18:34Z	21799,93467	9	10	8
2026-05-14T03:18:39Z	21815,93467	9	10	8
2026-05-14T03:18:44Z	21832,93467	8	10	8
2026-05-14T03:18:49Z	21847,93467	9	10	8
2026-05-14T03:18:54Z	21860,93467	9	10	8
2026-05-14T03:18:59Z	21875,93467	9	10	8
2026-05-14T03:19:04Z	21890,93467	9	10	8
2026-05-14T03:19:09Z	21903,93467	9	10	8
2026-05-14T03:19:14Z	21918,93467	9	10	8
2026-05-14T03:19:20Z	21931,93467	8	10	8
2026-05-14T03:19:25Z	21944,93467	8	10	8
2026-05-14T03:19:30Z	21957,93467	8	10	8
2026-05-14T03:19:35Z	21974,93467	9	10	8
2026-05-14T03:19:40Z	21993,93467	9	10	8
2026-05-14T03:19:45Z	22008,93467	9	10	8
2026-05-14T03:19:50Z	22021,93467	9	10	8
2026-05-14T03:19:55Z	22034,93467	9	10	8
2026-05-14T03:20:00Z	22049,93467	9	10	8
2026-05-14T03:20:05Z	22070,93467	8	10	8
2026-05-14T03:20:10Z	22084,93467	8	10	8
2026-05-14T03:20:16Z	22097,93467	8	10	8
2026-05-14T03:20:21Z	22110,93467	8	10	8
2026-05-14T03:20:26Z	22123,93467	8	10	8
2026-05-14T03:20:31Z	22182,93467	8	10	8
2026-05-14T03:20:36Z	22214,93467	8	10	8
2026-05-14T03:20:41Z	22230,93467	8	10	8
2026-05-14T03:20:46Z	22243,93467	8	10	8
2026-05-14T03:20:51Z	22256,93467	8	10	8
2026-05-14T03:20:56Z	22291,93467	9	10	8
2026-05-14T03:21:01Z	22305,93467	9	10	8
2026-05-14T03:21:06Z	22321,93467	9	10	8
2026-05-14T03:21:11Z	22334,93467	9	10	8
2026-05-14T03:21:17Z	22347,93467	9	10	8
2026-05-14T03:21:22Z	22368,93467	8	10	8
2026-05-14T03:21:27Z	22381,93467	8	10	8
2026-05-14T03:21:32Z	22400,93467	8	10	8
2026-05-14T03:21:37Z	22413,93467	8	10	8
2026-05-14T03:21:42Z	22430,93467	11	11	8
2026-05-14T03:21:47Z	22453,93467	11	11	8
2026-05-14T03:21:52Z	22466,93467	11	11	8
2026-05-14T03:21:57Z	22483,93467	9	11	8
2026-05-14T03:22:02Z	22545,93467	9	11	8
2026-05-14T03:22:07Z	22762,93467	9	11	8
2026-05-14T03:22:12Z	22934,93467	9	11	8
2026-05-14T03:22:17Z	23038,93467	9	11	8
2026-05-14T03:22:23Z	23051,93467	8	11	8
2026-05-14T03:22:28Z	23067,93467	8	11	8
2026-05-14T03:22:33Z	23083,93467	8	11	8
2026-05-14T03:22:38Z	23103,93467	8	11	8
2026-05-14T03:22:43Z	23150,93467	8	11	8
2026-05-14T03:22:48Z	23198,93467	8	11	8
2026-05-14T03:22:53Z	23211,93467	8	11	8
2026-05-14T03:22:58Z	23225,93467	8	11	8
2026-05-14T03:23:03Z	23252,93467	8	11	8
2026-05-14T03:23:08Z	23265,93467	9	11	8
2026-05-14T03:23:13Z	23280,93467	9	11	8
2026-05-14T03:23:18Z	23302,93467	9	11	8
2026-05-14T03:23:24Z	23363,93467	9	11	8
2026-05-14T03:23:29Z	23376,93467	9	11	8
2026-05-14T03:23:34Z	23390,93467	8	11	8
2026-05-14T03:23:39Z	23403,93467	8	11	8
2026-05-14T03:23:44Z	23424,93467	8	11	8
2026-05-14T03:23:49Z	23437,93467	8	11	8
2026-05-14T03:23:54Z	23450,93467	8	11	8
2026-05-14T03:23:59Z	23466,93467	8	11	8
2026-05-14T03:24:04Z	23483,93467	8	11	8
2026-05-14T03:24:09Z	23499,93467	8	11	8
2026-05-14T03:24:14Z	23512,93467	8	11	8
2026-05-14T03:24:19Z	23525,93467	8	11	8
2026-05-14T03:24:25Z	23538,93467	8	11	8
2026-05-14T03:24:30Z	23551,93467	8	11	8
2026-05-14T03:24:35Z	23565,93467	8	11	8
2026-05-14T03:24:40Z	23578,93467	9	11	8
2026-05-14T03:24:45Z	23599,93467	9	11	8
2026-05-14T03:24:50Z	23612,93467	9	11	8
2026-05-14T03:24:55Z	23625,93467	9	11	8
2026-05-14T03:25:00Z	23638,93467	9	11	8
2026-05-14T03:25:05Z	23670,93467	8	11	8
2026-05-14T03:25:10Z	23683,93467	8	11	8
2026-05-14T03:25:15Z	23700,93467	8	11	8
2026-05-14T03:25:20Z	23726,93467	8	11	8
2026-05-14T03:25:25Z	23739,93467	8	11	8
2026-05-14T03:25:31Z	23753,93467	8	11	8
2026-05-14T03:25:36Z	23770,93467	8	11	8
2026-05-14T03:25:41Z	23783,93467	8	11	8
2026-05-14T03:25:46Z	23806,93467	8	11	8
2026-05-14T03:25:51Z	23826,93467	8	11	8
2026-05-14T03:25:56Z	23841,93467	8	11	8
2026-05-14T03:26:01Z	23857,93467	8	11	8
2026-05-14T03:26:06Z	23871,93467	8	11	8
2026-05-14T03:26:11Z	23884,93467	9	11	8
2026-05-14T03:26:16Z	23899,93467	9	11	8
2026-05-14T03:26:21Z	23914,93467	9	11	8
2026-05-14T03:26:26Z	23928,93467	9	11	8
2026-05-14T03:26:31Z	23944,93467	9	11	8
2026-05-14T03:26:37Z	23957,93467	8	11	8
2026-05-14T03:26:42Z	23971,93467	8	11	8
2026-05-14T03:26:47Z	23987,93467	9	11	8
2026-05-14T03:26:52Z	24015,93467	9	11	8
2026-05-14T03:26:57Z	24188,93467	9	11	8
2026-05-14T03:27:02Z	24208,93467	9	11	8
2026-05-14T03:27:07Z	24241,93467	9	11	8
2026-05-14T03:27:12Z	24349,93467	9	11	8
2026-05-14T03:27:17Z	24409,93467	9	11	8
2026-05-14T03:27:22Z	24532,93467	9	11	8
2026-05-14T03:27:28Z	24560,93467	9	11	8
2026-05-14T03:27:33Z	24653,93467	9	11	8
2026-05-14T03:27:38Z	24683,93467	9	11	8
2026-05-14T03:27:43Z	24703,93467	9	11	8
2026-05-14T03:27:48Z	24716,93467	9	11	8
2026-05-14T03:27:53Z	24734,93467	9	11	8
2026-05-14T03:27:58Z	24776,93467	9	11	8
2026-05-14T03:28:03Z	24843,93467	8	11	8
2026-05-14T03:28:08Z	24861,93467	8	11	8
2026-05-14T03:28:13Z	24874,93467	8	11	8
2026-05-14T03:28:18Z	24889,93467	8	11	8
2026-05-14T03:28:23Z	24902,93467	8	11	8
2026-05-14T03:28:28Z	24998,93467	8	11	8
2026-05-14T03:28:33Z	25018,93467	8	11	8
2026-05-14T03:28:39Z	25034,93467	8	11	8
2026-05-14T03:28:44Z	25056,93467	9	11	8
2026-05-14T03:28:50Z	25069,93467	9	11	8
2026-05-14T03:28:55Z	25082,93467	9	11	8
2026-05-14T03:29:00Z	25108,93467	9	11	8
2026-05-14T03:29:05Z	25145,93467	9	11	8
2026-05-14T03:29:10Z	25158,93467	9	11	8
2026-05-14T03:29:15Z	25173,93467	9	11	8
2026-05-14T03:29:20Z	25192,93467	9	11	8
2026-05-14T03:29:25Z	25205,93467	9	11	8
2026-05-14T03:29:30Z	25221,93467	9	11	8
2026-05-14T03:29:36Z	25234,93467	8	11	8
2026-05-14T03:29:41Z	25248,93467	9	11	8
2026-05-14T03:29:46Z	25262,93467	9	11	8
2026-05-14T03:29:51Z	25275,93467	9	11	8
2026-05-14T03:29:56Z	25288,93467	9	11	8
2026-05-14T03:30:01Z	25314,93467	9	11	8
2026-05-14T03:30:06Z	25337,93467	8	11	8
2026-05-14T03:30:11Z	25351,93467	8	11	8
2026-05-14T03:30:16Z	25365,93467	9	11	8
2026-05-14T03:30:21Z	25379,93467	9	11	8
2026-05-14T03:30:26Z	25392,93467	9	11	8
2026-05-14T03:30:31Z	25406,93467	9	11	8
2026-05-14T03:30:36Z	25420,93467	8	11	8
2026-05-14T03:30:42Z	25434,93467	9	11	8
2026-05-14T03:30:47Z	25449,93467	9	11	8
2026-05-14T03:30:52Z	25462,93467	9	11	8
2026-05-14T03:30:57Z	25476,93467	9	11	8
2026-05-14T03:31:02Z	25491,93467	9	11	8
2026-05-14T03:31:07Z	25505,93467	8	11	8
2026-05-14T03:31:12Z	25519,93467	9	11	8
2026-05-14T03:31:17Z	25533,93467	9	11	8
2026-05-14T03:31:22Z	25547,93467	9	11	8
2026-05-14T03:31:27Z	25562,93467	9	11	8
2026-05-14T03:31:32Z	25576,93467	9	11	8
2026-05-14T03:31:37Z	25592,93467	8	11	8
2026-05-14T03:31:42Z	25607,93467	8	11	8
2026-05-14T03:31:48Z	25621,93467	8	11	8
2026-05-14T03:31:53Z	25789,93467	8	11	8
2026-05-14T03:31:58Z	25892,93467	8	11	8
2026-05-14T03:32:03Z	26149,93467	8	11	8
2026-05-14T03:32:08Z	26162,93467	8	11	8
2026-05-14T03:32:13Z	26178,93467	8	11	8
2026-05-14T03:32:18Z	26191,93467	9	11	8
2026-05-14T03:32:23Z	26231,93467	9	11	8
2026-05-14T03:32:28Z	26293,93467	9	11	8
2026-05-14T03:32:33Z	26308,93467	8	11	8
2026-05-14T03:32:38Z	26325,93467	8	11	8
2026-05-14T03:32:43Z	26338,93467	8	11	8
2026-05-14T03:32:49Z	26356,93467	9	11	8
2026-05-14T03:32:54Z	26369,93467	9	11	8
2026-05-14T03:32:59Z	26382,93467	9	11	8
2026-05-14T03:33:04Z	26397,93467	8	11	8
2026-05-14T03:33:09Z	26415,93467	8	11	8
2026-05-14T03:33:14Z	26428,93467	8	11	8
2026-05-14T03:33:19Z	26442,93467	8	11	8
2026-05-14T03:33:24Z	26461,93467	8	11	8
2026-05-14T03:33:29Z	26476,93467	8	11	8
2026-05-14T03:33:34Z	26496,93467	8	11	8
2026-05-14T03:33:39Z	26511,93467	9	11	8
2026-05-14T03:33:44Z	26527,93467	9	11	8
2026-05-14T03:33:50Z	26545,93467	9	11	8
2026-05-14T03:33:55Z	26575,93467	9	11	8
2026-05-14T03:34:00Z	26600,93467	9	11	8
2026-05-14T03:34:05Z	26614,93467	9	11	8
2026-05-14T03:34:10Z	26627,93467	9	11	8
2026-05-14T03:34:15Z	26649,93467	9	11	8
2026-05-14T03:34:20Z	26663,93467	11	11	8
2026-05-14T03:34:25Z	26676,93467	11	11	8
2026-05-14T03:34:30Z	26695,93467	11	11	8
2026-05-14T03:34:35Z	26709,93467	11	11	8
2026-05-14T03:34:40Z	26725,93467	11	11	8
2026-05-14T03:34:45Z	26756,93467	11	11	8
2026-05-14T03:34:50Z	26769,93467	8	11	8
2026-05-14T03:34:56Z	26782,93467	8	11	8
2026-05-14T03:35:01Z	26802,93467	8	11	8
2026-05-14T03:35:06Z	26824,93467	9	11	8
2026-05-14T03:35:11Z	26848,93467	9	11	8
2026-05-14T03:35:16Z	26868,93467	9	11	8
2026-05-14T03:35:21Z	26882,93467	9	11	8
2026-05-14T03:35:26Z	26898,93467	10	11	8
2026-05-14T03:35:31Z	26912,93467	10	11	8
2026-05-14T03:35:36Z	26925,93467	10	11	8
2026-05-14T03:35:41Z	26938,93467	10	11	8
2026-05-14T03:35:46Z	26953,93467	10	11	8
2026-05-14T03:35:51Z	26969,93467	8	11	8
2026-05-14T03:35:57Z	26982,93467	9	11	8
2026-05-14T03:36:02Z	26996,93467	9	11	8
2026-05-14T03:36:07Z	27014,93467	9	11	8
2026-05-14T03:36:12Z	27029,93467	9	11	8
2026-05-14T03:36:17Z	27042,93467	9	11	8
2026-05-14T03:36:22Z	27055,93467	8	11	8
2026-05-14T03:36:27Z	27068,93467	8	11	8
2026-05-14T03:36:32Z	27082,93467	8	11	8
2026-05-14T03:36:37Z	27095,93467	8	11	8
2026-05-14T03:36:42Z	27112,93467	8	11	8
2026-05-14T03:36:47Z	27127,93467	8	11	8
2026-05-14T03:36:53Z	27140,93467	8	11	8
2026-05-14T03:36:58Z	27153,93467	9	11	8
2026-05-14T03:37:03Z	27191,93467	9	11	8
2026-05-14T03:37:08Z	27409,93467	9	11	8
2026-05-14T03:37:13Z	27591,93467	9	11	8
2026-05-14T03:37:18Z	27700,93467	9	11	8
2026-05-14T03:37:23Z	27717,93467	9	11	8
2026-05-14T03:37:28Z	27751,93467	9	11	8
2026-05-14T03:37:33Z	27765,93467	9	11	8
2026-05-14T03:37:38Z	27781,93467	9	11	8
2026-05-14T03:37:43Z	27808,93467	9	11	8
2026-05-14T03:37:48Z	27868,93467	8	11	8
2026-05-14T03:37:54Z	27901,93467	8	11	8
2026-05-14T03:37:59Z	27914,93467	8	11	8
2026-05-14T03:38:04Z	27932,93467	9	11	8
2026-05-14T03:38:09Z	27945,93467	9	11	8
2026-05-14T03:38:14Z	27959,93467	9	11	8
2026-05-14T03:38:19Z	27972,93467	9	11	8
2026-05-14T03:38:24Z	27985,93467	9	11	8
2026-05-14T03:38:29Z	27998,93467	9	11	8
2026-05-14T03:38:34Z	28012,93467	9	11	8
2026-05-14T03:38:39Z	28025,93467	9	11	8
2026-05-14T03:38:44Z	28038,93467	9	11	8
2026-05-14T03:38:49Z	28051,93467	9	11	8
2026-05-14T03:38:55Z	28064,93467	9	11	8
2026-05-14T03:39:00Z	28077,93467	9	11	8
2026-05-14T03:39:05Z	28091,93467	8	11	8
2026-05-14T03:39:10Z	28110,93467	8	11	8
2026-05-14T03:39:15Z	28123,93467	9	11	8
2026-05-14T03:39:20Z	28136,93467	9	11	8
2026-05-14T03:39:25Z	28149,93467	9	11	8
2026-05-14T03:39:30Z	28162,93467	9	11	8
2026-05-14T03:39:35Z	28176,93467	9	11	8
2026-05-14T03:39:40Z	28189,93467	9	11	8
2026-05-14T03:39:45Z	28202,93467	9	11	8
2026-05-14T03:39:50Z	28215,93467	8	11	8
2026-05-14T03:39:56Z	28228,93467	8	11	8
2026-05-14T03:40:01Z	28245,93467	9	11	8
2026-05-14T03:40:06Z	28264,93467	9	11	8
2026-05-14T03:40:11Z	28277,93467	9	11	8
2026-05-14T03:40:16Z	28290,93467	9	11	8
2026-05-14T03:40:21Z	28306,93467	9	11	8
2026-05-14T03:40:26Z	28319,93467	9	11	8
2026-05-14T03:40:31Z	28333,93467	9	11	8
2026-05-14T03:40:36Z	28347,93467	8	11	8
2026-05-14T03:40:41Z	28363,93467	8	11	8
2026-05-14T03:40:46Z	28376,93467	8	11	8
2026-05-14T03:40:52Z	28389,93467	8	11	8
2026-05-14T03:40:57Z	28402,93467	8	11	8
2026-05-14T03:41:02Z	28420,93467	9	11	8
2026-05-14T03:41:07Z	28434,93467	9	11	8
2026-05-14T03:41:12Z	28447,93467	9	11	8
2026-05-14T03:41:17Z	28461,93467	9	11	8
2026-05-14T03:41:22Z	28476,93467	8	11	8
2026-05-14T03:41:27Z	28489,93467	8	11	8
2026-05-14T03:41:33Z	28503,93467	8	11	8
2026-05-14T03:41:38Z	28517,93467	9	11	8
2026-05-14T03:41:43Z	28530,93467	9	11	8
2026-05-14T03:41:48Z	28697,93467	9	11	8
2026-05-14T03:41:53Z	28850,93467	9	11	8
2026-05-14T03:41:58Z	29055,93467	9	11	8
2026-05-14T03:42:03Z	29069,93467	9	11	8
2026-05-14T03:42:08Z	29088,93467	9	11	8
2026-05-14T03:42:13Z	29101,93467	9	11	8
2026-05-14T03:42:18Z	29138,93467	9	11	8
2026-05-14T03:42:23Z	29192,93467	9	11	8
2026-05-14T03:42:29Z	29219,93467	9	11	8
2026-05-14T03:42:34Z	29235,93467	9	11	8
2026-05-14T03:42:39Z	29267,93467	9	11	8
2026-05-14T03:42:44Z	29286,93467	9	11	8
2026-05-14T03:42:49Z	29301,93467	9	11	8
2026-05-14T03:42:54Z	29524,93467	9	11	8
2026-05-14T03:42:59Z	29550,93467	9	11	8
2026-05-14T03:43:04Z	29591,93467	9	11	8
2026-05-14T03:43:09Z	29628,93467	9	11	8
2026-05-14T03:43:14Z	29642,93467	9	11	8
2026-05-14T03:43:19Z	29662,93467	9	11	8
2026-05-14T03:43:24Z	29682,93467	9	11	8
2026-05-14T03:43:29Z	29706,93467	9	11	8
2026-05-14T03:43:34Z	29737,93467	8	11	8
2026-05-14T03:43:40Z	29758,93467	8	11	8
2026-05-14T03:43:45Z	29781,93467	8	11	8
2026-05-14T03:43:50Z	29798,93467	8	11	8
2026-05-14T03:43:55Z	29817,93467	9	11	8
2026-05-14T03:44:00Z	29849,93467	9	11	8
2026-05-14T03:44:05Z	29987,93467	9	11	8
2026-05-14T03:44:10Z	30006,93467	9	11	8
2026-05-14T03:44:15Z	30023,93467	9	11	8
2026-05-14T03:44:20Z	30058,93467	8	11	8
2026-05-14T03:44:25Z	30085,93467	8	11	8
2026-05-14T03:44:31Z	30110,93467	9	11	8
2026-05-14T03:44:36Z	30133,93467	9	11	8
2026-05-14T03:44:41Z	30154,93467	9	11	8
2026-05-14T03:44:46Z	30193,93467	9	11	8
2026-05-14T03:44:51Z	30211,93467	8	11	8
2026-05-14T03:44:56Z	30236,93467	8	11	8
2026-05-14T03:45:01Z	30302,93467	9	11	8
2026-05-14T03:45:06Z	30350,93467	9	11	8
2026-05-14T03:45:11Z	30368,93467	9	11	8
2026-05-14T03:45:16Z	30394,93467	9	11	8
2026-05-14T03:45:21Z	30412,93467	8	11	8
2026-05-14T03:45:26Z	30436,93467	9	11	8
2026-05-14T03:45:31Z	30460,93467	9	11	8
2026-05-14T03:45:36Z	30503,93467	9	11	8
2026-05-14T03:45:41Z	30530,93467	9	11	8
2026-05-14T03:45:47Z	30546,93467	9	11	8
2026-05-14T03:45:52Z	30571,93467	8	11	8
2026-05-14T03:45:57Z	30584,93467	8	11	8
2026-05-14T03:46:02Z	30599,93467	8	11	8
2026-05-14T03:46:07Z	30612,93467	8	11	8
2026-05-14T03:46:12Z	30625,93467	8	11	8
2026-05-14T03:46:17Z	30640,93467	8	11	8
2026-05-14T03:46:22Z	30665,93467	10	11	8
2026-05-14T03:46:27Z	30698,93467	10	11	8
2026-05-14T03:46:32Z	30719,93467	10	11	8
2026-05-14T03:46:37Z	30736,93467	10	11	8
2026-05-14T03:46:42Z	30910,93467	9	11	8
2026-05-14T03:46:47Z	31064,93467	9	11	8
2026-05-14T03:46:52Z	31283,93467	9	11	8
2026-05-14T03:46:58Z	31310,93467	9	11	8
2026-05-14T03:47:03Z	31332,93467	9	11	8
2026-05-14T03:47:08Z	31353,93467	9	11	8
2026-05-14T03:47:13Z	31401,93467	9	11	8
2026-05-14T03:47:18Z	31468,93467	9	11	8
2026-05-14T03:47:23Z	31622,93467	9	11	8
2026-05-14T03:47:28Z	31656,93467	9	11	8
2026-05-14T03:47:33Z	31680,93467	9	11	8
2026-05-14T03:47:38Z	31698,93467	9	11	8
2026-05-14T03:47:43Z	31713,93467	9	11	8
2026-05-14T03:47:48Z	32386,93467	8	11	8
2026-05-14T03:47:53Z	34070,93467	9	11	8
2026-05-14T03:47:58Z	34286,93467	9	11	8
2026-05-14T03:48:04Z	34596,93467	9	11	8
2026-05-14T03:48:09Z	34630,93467	9	11	8
2026-05-14T03:48:14Z	34935,93467	9	11	8
2026-05-14T03:48:19Z	35558,93467	9	11	8
2026-05-14T03:48:24Z	35577,93467	9	11	8
2026-05-14T03:48:29Z	35612,93467	9	11	8
2026-05-14T03:48:34Z	35675,93467	9	11	8
2026-05-14T03:48:39Z	35967,93467	9	11	8
2026-05-14T03:48:44Z	35996,93467	9	11	8
2026-05-14T03:48:49Z	36013,93467	8	11	8
2026-05-14T03:48:54Z	36034,93467	8	11	8
2026-05-14T03:49:00Z	36054,93467	8	11	8
2026-05-14T03:49:05Z	36068,93467	8	11	8
2026-05-14T03:49:10Z	36085,93467	8	11	8
2026-05-14T03:49:15Z	36098,93467	8	11	8
2026-05-14T03:49:20Z	36116,93467	8	11	8
2026-05-14T03:49:25Z	36129,93467	8	11	8
2026-05-14T03:49:30Z	36214,93467	8	11	8
2026-05-14T03:49:35Z	36228,93467	8	11	8
2026-05-14T03:49:40Z	36819,93467	9	11	8
2026-05-14T03:49:45Z	36860,93467	9	11	8
2026-05-14T03:49:50Z	36877,93467	9	11	8
2026-05-14T03:49:55Z	36890,93467	9	11	8
2026-05-14T03:50:00Z	36907,93467	9	11	8
2026-05-14T03:50:06Z	36934,93467	9	11	8
2026-05-14T03:50:11Z	36947,93467	9	11	8
2026-05-14T03:50:16Z	37011,93467	9	11	8
2026-05-14T03:50:21Z	37026,93467	8	11	8
2026-05-14T03:50:26Z	37043,93467	10	11	8
2026-05-14T03:50:31Z	37062,93467	10	11	8
2026-05-14T03:50:36Z	37079,93467	10	11	8
2026-05-14T03:50:41Z	37104,93467	10	11	8
2026-05-14T03:50:46Z	37117,93467	10	11	8
2026-05-14T03:50:51Z	37150,93467	10	11	8
2026-05-14T03:50:56Z	37174,93467	10	11	8
2026-05-14T03:51:01Z	37189,93467	10	11	8
2026-05-14T03:51:06Z	37210,93467	8	11	8
2026-05-14T03:51:12Z	37234,93467	8	11	8
2026-05-14T03:51:17Z	37394,93467	8	11	8
2026-05-14T03:51:22Z	37407,93467	8	11	8
2026-05-14T03:51:27Z	37420,93467	9	11	8
2026-05-14T03:51:32Z	37438,93467	9	11	8
2026-05-14T03:51:37Z	37451,93467	9	11	8
2026-05-14T03:51:42Z	37516,93467	9	11	8
2026-05-14T03:51:47Z	37731,93467	9	11	8
2026-05-14T03:51:52Z	37896,93467	8	11	8
2026-05-14T03:51:57Z	38001,93467	8	11	8
2026-05-14T03:52:02Z	38018,93467	8	11	8
2026-05-14T03:52:07Z	38039,93467	8	11	8
2026-05-14T03:52:12Z	38084,93467	8	11	8
2026-05-14T03:52:17Z	38146,93467	9	11	8
2026-05-14T03:52:22Z	38170,93467	9	11	8
2026-05-14T03:52:28Z	38184,93467	9	11	8
2026-05-14T03:52:33Z	38223,93467	9	11	8
2026-05-14T03:52:38Z	38236,93467	8	11	8
2026-05-14T03:52:43Z	38290,93467	8	11	8
2026-05-14T03:52:48Z	38308,93467	9	11	8
2026-05-14T03:52:53Z	38321,93467	9	11	8
2026-05-14T03:52:58Z	38334,93467	9	11	8
2026-05-14T03:53:03Z	38348,93467	9	11	8
2026-05-14T03:53:08Z	38361,93467	8	11	8
2026-05-14T03:53:13Z	38374,93467	9	11	8
2026-05-14T03:53:18Z	38415,93467	9	11	8
2026-05-14T03:53:23Z	38432,93467	9	11	8
2026-05-14T03:53:28Z	38448,93467	9	11	8
2026-05-14T03:53:33Z	38463,93467	9	11	8
2026-05-14T03:53:39Z	38493,93467	9	11	8
2026-05-14T03:53:44Z	38506,93467	9	11	8
2026-05-14T03:53:49Z	38519,93467	9	11	8
2026-05-14T03:53:54Z	38532,93467	9	11	8
2026-05-14T03:53:59Z	38546,93467	9	11	8
2026-05-14T03:54:04Z	38560,93467	8	11	8
2026-05-14T03:54:09Z	38573,93467	8	11	8
2026-05-14T03:54:14Z	38589,93467	8	11	8
2026-05-14T03:54:19Z	38610,93467	10	11	8
2026-05-14T03:54:24Z	38635,93467	10	11	8
2026-05-14T03:54:29Z	38648,93467	10	11	8
2026-05-14T03:54:34Z	38662,93467	8	11	8
2026-05-14T03:54:40Z	38675,93467	8	11	8
2026-05-14T03:54:45Z	38688,93467	8	11	8
2026-05-14T03:54:50Z	38704,93467	8	11	8
2026-05-14T03:54:55Z	38718,93467	10	11	8
2026-05-14T03:55:00Z	38737,93467	10	11	8
2026-05-14T03:55:05Z	38781,93467	10	11	8
2026-05-14T03:55:10Z	38797,93467	9	11	8
2026-05-14T03:55:15Z	38813,93467	9	11	8
2026-05-14T03:55:20Z	38829,93467	8	11	8
2026-05-14T03:55:25Z	38843,93467	9	11	8
2026-05-14T03:55:30Z	38859,93467	9	11	8
2026-05-14T03:55:35Z	38874,93467	9	11	8
2026-05-14T03:55:40Z	38892,93467	9	11	8
2026-05-14T03:55:45Z	38905,93467	9	11	8
2026-05-14T03:55:51Z	38926,93467	8	11	8
2026-05-14T03:55:56Z	38941,93467	8	11	8
2026-05-14T03:56:01Z	38955,93467	8	11	8
2026-05-14T03:56:06Z	38970,93467	8	11	8
2026-05-14T03:56:11Z	38985,93467	9	11	8
2026-05-14T03:56:16Z	39000,93467	9	11	8
2026-05-14T03:56:21Z	39015,93467	9	11	8
2026-05-14T03:56:26Z	39028,93467	9	11	8
2026-05-14T03:56:31Z	39050,93467	9	11	8
2026-05-14T03:56:36Z	39113,93467	9	11	8
2026-05-14T03:56:41Z	39325,93467	9	11	8
2026-05-14T03:56:46Z	39580,93467	9	11	8
2026-05-14T03:56:51Z	39595,93467	9	11	8
2026-05-14T03:56:56Z	39617,93467	9	11	8
2026-05-14T03:57:02Z	39644,93467	9	11	8
2026-05-14T03:57:07Z	39675,93467	8	11	8
2026-05-14T03:57:12Z	39744,93467	8	11	8
2026-05-14T03:57:17Z	39766,93467	8	11	8
2026-05-14T03:57:22Z	39787,93467	9	11	8
2026-05-14T03:57:27Z	39861,93467	9	11	8
2026-05-14T03:57:32Z	39883,93467	9	11	8
2026-05-14T03:57:37Z	39914,93467	9	11	8
2026-05-14T03:57:42Z	39944,93467	9	11	8
2026-05-14T03:57:47Z	40058,93467	9	11	8
2026-05-14T03:57:52Z	40071,93467	9	11	8
2026-05-14T03:57:57Z	40084,93467	9	11	8
2026-05-14T03:58:02Z	40120,93467	9	11	8
2026-05-14T03:58:07Z	40140,93467	9	11	8
2026-05-14T03:58:12Z	40154,93467	9	11	8
2026-05-14T03:58:18Z	40202,93467	9	11	8
2026-05-14T03:58:23Z	40232,93467	9	11	8
2026-05-14T03:58:28Z	40245,93467	9	11	8
2026-05-14T03:58:33Z	40263,93467	9	11	8
2026-05-14T03:58:38Z	40276,93467	9	11	8
2026-05-14T03:58:43Z	40292,93467	8	11	8
2026-05-14T03:58:48Z	40305,93467	9	11	8
2026-05-14T03:58:53Z	40318,93467	9	11	8
2026-05-14T03:58:58Z	40340,93467	9	11	8
2026-05-14T03:59:03Z	40354,93467	9	11	8
2026-05-14T03:59:08Z	40377,93467	9	11	8
2026-05-14T03:59:13Z	40390,93467	9	11	8
2026-05-14T03:59:18Z	40404,93467	9	11	8
2026-05-14T03:59:24Z	40417,93467	9	11	8
2026-05-14T03:59:29Z	40449,93467	9	11	8
2026-05-14T03:59:34Z	40464,93467	8	11	8
2026-05-14T03:59:39Z	40477,93467	8	11	8
2026-05-14T03:59:44Z	40494,93467	8	11	8
2026-05-14T03:59:49Z	40507,93467	8	11	8
2026-05-14T03:59:54Z	40532,93467	8	11	8
2026-05-14T03:59:59Z	40545,93467	8	11	8
2026-05-14T04:00:04Z	40578,93467	8	11	8
2026-05-14T04:00:09Z	40597,93467	9	11	8
2026-05-14T04:00:14Z	40625,93467	9	11	8
2026-05-14T04:00:19Z	40638,93467	9	11	8
2026-05-14T04:00:24Z	40665,93467	9	11	8
2026-05-14T04:00:30Z	40688,93467	9	11	8
2026-05-14T04:00:35Z	40702,93467	9	11	8
2026-05-14T04:00:40Z	40715,93467	9	11	8
2026-05-14T04:00:45Z	40734,93467	9	11	8
2026-05-14T04:00:50Z	40747,93467	9	11	8
2026-05-14T04:00:55Z	40762,93467	9	11	8
2026-05-14T04:01:00Z	40775,93467	9	11	8
2026-05-14T04:01:05Z	40789,93467	8	11	8
2026-05-14T04:01:10Z	40804,93467	8	11	8
2026-05-14T04:01:15Z	40818,93467	8	11	8
2026-05-14T04:01:20Z	40831,93467	8	11	8
2026-05-14T04:01:26Z	40844,93467	8	11	8
2026-05-14T04:01:31Z	40858,93467	8	11	8
2026-05-14T04:01:36Z	40871,93467	8	11	8
2026-05-14T04:01:41Z	40887,93467	8	11	8
2026-05-14T04:01:46Z	40900,93467	8	11	8
2026-05-14T04:01:51Z	40913,93467	8	11	8
2026-05-14T04:01:56Z	41080,93467	8	11	8
2026-05-14T04:02:01Z	41205,93467	8	11	8
2026-05-14T04:02:06Z	41439,93467	8	11	8
2026-05-14T04:02:11Z	41452,93467	8	11	8
2026-05-14T04:02:16Z	41468,93467	8	11	8
2026-05-14T04:02:22Z	41482,93467	9	11	8
2026-05-14T04:02:27Z	41519,93467	9	11	8
2026-05-14T04:02:32Z	41581,93467	9	11	8
2026-05-14T04:02:37Z	41596,93467	9	11	8
2026-05-14T04:02:42Z	41609,93467	9	11	8
2026-05-14T04:02:47Z	41624,93467	9	11	8
2026-05-14T04:02:52Z	41643,93467	8	11	8
2026-05-14T04:02:57Z	41657,93467	8	11	8
2026-05-14T04:03:02Z	41671,93467	8	11	8
2026-05-14T04:03:07Z	41687,93467	8	11	8
2026-05-14T04:03:12Z	41704,93467	9	11	8
2026-05-14T04:03:18Z	41718,93467	9	11	8
2026-05-14T04:03:23Z	41734,93467	9	11	8
2026-05-14T04:03:28Z	41747,93467	9	11	8
2026-05-14T04:03:33Z	41761,93467	9	11	8
2026-05-14T04:03:38Z	41774,93467	8	11	8
2026-05-14T04:03:43Z	41787,93467	8	11	8
2026-05-14T04:03:48Z	41804,93467	8	11	8
2026-05-14T04:03:53Z	41821,93467	8	11	8
2026-05-14T04:03:58Z	41837,93467	8	11	8
2026-05-14T04:04:03Z	41852,93467	9	11	8
2026-05-14T04:04:08Z	41865,93467	9	11	8
2026-05-14T04:04:13Z	41879,93467	9	11	8
2026-05-14T04:04:19Z	41893,93467	9	11	8
2026-05-14T04:04:24Z	41906,93467	9	11	8
2026-05-14T04:04:29Z	41919,93467	9	11	8
2026-05-14T04:04:34Z	41933,93467	9	11	8
2026-05-14T04:04:39Z	41946,93467	9	11	8
2026-05-14T04:04:44Z	41962,93467	9	11	8
2026-05-14T04:04:49Z	41975,93467	9	11	8
2026-05-14T04:04:54Z	41988,93467	9	11	8
2026-05-14T04:04:59Z	42017,93467	9	11	8
2026-05-14T04:05:04Z	42040,93467	8	11	8
2026-05-14T04:05:09Z	42053,93467	8	11	8
2026-05-14T04:05:14Z	42066,93467	8	11	8
2026-05-14T04:05:19Z	42079,93467	8	11	8
2026-05-14T04:05:24Z	42092,93467	8	11	8
2026-05-14T04:05:30Z	42113,93467	8	11	8
2026-05-14T04:05:35Z	42133,93467	8	11	8
2026-05-14T04:05:40Z	42157,93467	8	11	8
2026-05-14T04:05:45Z	42170,93467	8	11	8
2026-05-14T04:05:50Z	42185,93467	8	11	8
2026-05-14T04:05:55Z	42203,93467	9	11	8
2026-05-14T04:06:00Z	42216,93467	9	11	8
2026-05-14T04:06:05Z	42239,93467	9	11	8
2026-05-14T04:06:10Z	42254,93467	9	11	8
2026-05-14T04:06:15Z	42270,93467	9	11	8
2026-05-14T04:06:20Z	42283,93467	8	11	8
2026-05-14T04:06:25Z	42296,93467	8	11	8
2026-05-14T04:06:30Z	42310,93467	8	11	8
2026-05-14T04:06:36Z	42323,93467	9	11	8
2026-05-14T04:06:41Z	42339,93467	9	11	8
2026-05-14T04:06:46Z	42504,93467	9	11	8
2026-05-14T04:06:51Z	42526,93467	8	11	8
2026-05-14T04:06:56Z	42675,93467	8	11	8
2026-05-14T04:07:01Z	42885,93467	8	11	8
2026-05-14T04:07:06Z	42901,93467	8	11	8
2026-05-14T04:07:11Z	42914,93467	8	11	8
2026-05-14T04:07:16Z	42933,93467	9	11	8
2026-05-14T04:07:21Z	42973,93467	9	11	8
2026-05-14T04:07:26Z	43036,93467	9	11	8
2026-05-14T04:07:31Z	43052,93467	10	11	8
2026-05-14T04:07:36Z	43066,93467	10	11	8
2026-05-14T04:07:41Z	43108,93467	10	11	8
2026-05-14T04:07:47Z	43132,93467	10	11	8
2026-05-14T04:07:52Z	43146,93467	9	11	8
2026-05-14T04:07:57Z	43163,93467	9	11	8
2026-05-14T04:08:02Z	43179,93467	9	11	8
2026-05-14T04:08:07Z	43194,93467	9	11	8
2026-05-14T04:08:12Z	43209,93467	9	11	8
2026-05-14T04:08:17Z	43222,93467	9	11	8
2026-05-14T04:08:22Z	43235,93467	8	11	8
2026-05-14T04:08:27Z	43248,93467	8	11	8
2026-05-14T04:08:32Z	43262,93467	8	11	8
2026-05-14T04:08:37Z	43275,93467	8	11	8
2026-05-14T04:08:42Z	43288,93467	9	11	8
2026-05-14T04:08:47Z	43301,93467	9	11	8
2026-05-14T04:08:53Z	43314,93467	9	11	8
2026-05-14T04:08:58Z	43338,93467	9	11	8
2026-05-14T04:09:03Z	43358,93467	9	11	8
2026-05-14T04:09:08Z	43375,93467	9	11	8
2026-05-14T04:09:13Z	43393,93467	9	11	8
2026-05-14T04:09:18Z	43406,93467	9	11	8
2026-05-14T04:09:23Z	43423,93467	8	11	8
2026-05-14T04:09:28Z	43439,93467	9	11	8
2026-05-14T04:09:33Z	43461,93467	9	11	8
2026-05-14T04:09:38Z	43479,93467	9	11	8
2026-05-14T04:09:43Z	43508,93467	9	11	8
2026-05-14T04:09:48Z	43530,93467	9	11	8
2026-05-14T04:09:53Z	43543,93467	8	11	8
2026-05-14T04:09:58Z	43562,93467	8	11	8
2026-05-14T04:10:04Z	43594,93467	8	11	8
2026-05-14T04:10:09Z	43613,93467	8	11	8
2026-05-14T04:10:14Z	43628,93467	9	11	8
2026-05-14T04:10:19Z	43641,93467	9	11	8
2026-05-14T04:10:24Z	43654,93467	9	11	8
2026-05-14T04:10:29Z	43667,93467	9	11	8
2026-05-14T04:10:34Z	43681,93467	8	11	8
2026-05-14T04:10:39Z	43694,93467	8	11	8
2026-05-14T04:10:44Z	43710,93467	8	11	8
2026-05-14T04:10:49Z	43723,93467	9	11	8
2026-05-14T04:10:54Z	43736,93467	9	11	8
2026-05-14T04:10:59Z	43754,93467	9	11	8
2026-05-14T04:11:04Z	43780,93467	8	11	8
2026-05-14T04:11:10Z	43793,93467	8	11	8
2026-05-14T04:11:15Z	43806,93467	8	11	8
2026-05-14T04:11:20Z	43820,93467	9	11	8
2026-05-14T04:11:25Z	43833,93467	9	11	8
2026-05-14T04:11:30Z	43846,93467	9	11	8
2026-05-14T04:11:35Z	43861,93467	9	11	8
2026-05-14T04:11:40Z	43874,93467	9	11	8
2026-05-14T04:11:45Z	43887,93467	9	11	8
2026-05-14T04:11:50Z	44053,93467	9	11	8
2026-05-14T04:11:55Z	44157,93467	9	11	8
2026-05-14T04:12:00Z	44413,93467	9	11	8
2026-05-14T04:12:05Z	44426,93467	8	11	8
2026-05-14T04:12:10Z	44442,93467	9	11	8
2026-05-14T04:12:16Z	44458,93467	9	11	8
2026-05-14T04:12:21Z	44494,93467	9	11	8
2026-05-14T04:12:26Z	44555,93467	9	11	8
2026-05-14T04:12:31Z	44582,93467	9	11	8
2026-05-14T04:12:36Z	44610,93467	9	11	8
2026-05-14T04:12:41Z	44623,93467	9	11	8
2026-05-14T04:12:46Z	44636,93467	9	11	8
2026-05-14T04:12:51Z	44649,93467	9	11	8
2026-05-14T04:12:56Z	44662,93467	9	11	8
2026-05-14T04:13:01Z	44676,93467	9	11	8
2026-05-14T04:13:06Z	44689,93467	9	11	8
2026-05-14T04:13:11Z	44715,93467	9	11	8
2026-05-14T04:13:17Z	44730,93467	9	11	8
2026-05-14T04:13:22Z	44743,93467	9	11	8
2026-05-14T04:13:27Z	44756,93467	9	11	8
2026-05-14T04:13:32Z	44805,93467	9	11	8
2026-05-14T04:13:37Z	44822,93467	8	11	8
2026-05-14T04:13:42Z	44835,93467	8	11	8
2026-05-14T04:13:47Z	44865,93467	8	11	8
2026-05-14T04:13:52Z	44878,93467	8	11	8
2026-05-14T04:13:57Z	44891,93467	8	11	8
2026-05-14T04:14:02Z	44905,93467	9	11	8
2026-05-14T04:14:07Z	44920,93467	9	11	8
2026-05-14T04:14:12Z	44946,93467	9	11	8
2026-05-14T04:14:17Z	44959,93467	9	11	8
2026-05-14T04:14:23Z	44972,93467	9	11	8
2026-05-14T04:14:28Z	44991,93467	9	11	8
2026-05-14T04:14:33Z	45005,93467	9	11	8
2026-05-14T04:14:38Z	45018,93467	8	11	8
2026-05-14T04:14:43Z	45031,93467	8	11	8
2026-05-14T04:14:48Z	45051,93467	8	11	8
2026-05-14T04:14:53Z	45066,93467	8	11	8
2026-05-14T04:14:58Z	45079,93467	8	11	8
2026-05-14T04:15:03Z	45113,93467	8	11	8
2026-05-14T04:15:08Z	45133,93467	8	11	8
2026-05-14T04:15:13Z	45159,93467	8	11	8
2026-05-14T04:15:18Z	45174,93467	8	11	8
2026-05-14T04:15:23Z	45187,93467	9	11	8
2026-05-14T04:15:29Z	45215,93467	9	11	8
2026-05-14T04:15:34Z	45229,93467	9	11	8
2026-05-14T04:15:39Z	45242,93467	9	11	8
2026-05-14T04:15:44Z	45255,93467	9	11	8
2026-05-14T04:15:49Z	45281,93467	9	11	8
2026-05-14T04:15:54Z	45294,93467	9	11	8
2026-05-14T04:15:59Z	45307,93467	9	11	8
2026-05-14T04:16:04Z	45337,93467	9	11	8
2026-05-14T04:16:09Z	45350,93467	9	11	8
2026-05-14T04:16:14Z	45363,93467	9	11	8
2026-05-14T04:16:19Z	45376,93467	8	11	8
2026-05-14T04:16:24Z	45401,93467	8	11	8
2026-05-14T04:16:30Z	45414,93467	8	11	8
2026-05-14T04:16:35Z	45488	0	11	8
